{"cameraMode":{"drawMode":0,"name":"Shaded","section":"Shading Mode"},"sceneLighting":false,"audioPlay":false,"sceneViewState":{"m_AlwaysRefresh":false,"showFog":true,"showSkybox":false,"showFlares":true,"showImageEffects":true,"showParticleSystems":true,"showVisualEffectGraphs":true,"m_FxEnabled":false},"in2DMode":false,"pivot":{"x":1.5889999866485596,"y":0.2420000433921814,"z":-10.380000114440918},"rotation":{"x":0.25640007853507998,"y":0.1123187243938446,"z":-0.03005955182015896,"w":0.9599827527999878},"size":1.627646565437317,"orthographic":true}